level,year,code,class,pixels,area_km2
L1,1990,1,Residence,8286,523.762303573455
L1,1990,3,Rice paddies,653055,41078.00393021285
L1,1990,4,Cropland,843802,53627.220496186084
L1,1990,7,Grassland,68477,4177.478782023484
L1,1990,8,Barren land,54266,3463.332695543526
L1,1990,9,Scrubland,113649,7305.09024546602
L1,1990,10,Forest,3354100,209322.2937439493
L1,1990,15,Wetland,48334,3102.631190729976
L1,1990,18,Open water,92989,5875.300513873222
L1,1990,19,Aquaculture,23006,1487.5944919277076
L1,1991,1,Residence,19442,1222.739781634292
L1,1991,3,Rice paddies,726180,45655.64697141385
L1,1991,4,Cropland,753022,47876.724342932335
L1,1991,7,Grassland,51998,3177.926246244257
L1,1991,8,Barren land,58455,3725.553343173491
L1,1991,9,Scrubland,94021,6046.617344742656
L1,1991,10,Forest,3386788,211414.92774020886
L1,1991,15,Wetland,56859,3651.419788889609
L1,1991,18,Open water,88390,5587.279811130651
L1,1991,19,Aquaculture,24809,1603.8730230889114
L1,1992,1,Residence,19087,1200.151225537919
L1,1992,3,Rice paddies,703499,44185.754069151306
L1,1992,4,Cropland,784526,49896.86489943534
L1,1992,7,Grassland,90743,5542.384306420638
L1,1992,8,Barren land,78015,4969.980637876945
L1,1992,9,Scrubland,72198,4645.715714354183
L1,1992,10,Forest,3342646,208725.31668719926
L1,1992,15,Wetland,51902,3338.5801344068273
L1,1992,18,Open water,89991,5689.832816986159
L1,1992,19,Aquaculture,27357,1768.1279020648844
L1,1993,1,Residence,24424,1529.3665796641233
L1,1993,3,Rice paddies,679569,42776.90214259908
L1,1993,4,Cropland,762698,48473.45976127989
L1,1993,7,Grassland,79870,4872.312991347544
L1,1993,8,Barren land,61888,3939.316152298041
L1,1993,9,Scrubland,75099,4834.680282662167
L1,1993,10,Forest,3406256,212693.63247444376
L1,1993,15,Wetland,45301,2909.121731503955
L1,1993,18,Open water,95557,6040.115297343412
L1,1993,19,Aquaculture,29302,1893.80098032674
L1,1994,1,Residence,23633,1487.5997915856342
L1,1994,3,Rice paddies,732020,45980.72633888613
L1,1994,4,Cropland,735095,46722.40130435904
L1,1994,7,Grassland,92400,5639.2772332366885
L1,1994,8,Barren land,56280,3586.6480884889397
L1,1994,9,Scrubland,108154,6959.52912092843
L1,1994,10,Forest,3336893,208398.83890670075
L1,1994,15,Wetland,47449,3049.922301205889
L1,1994,18,Open water,95280,6018.607194545111
L1,1994,19,Aquaculture,32760,2119.1581134888816
L1,1995,1,Residence,12009,757.7024949785651
L1,1995,3,Rice paddies,751998,47111.90863101832
L1,1995,4,Cropland,789396,50275.97127330571
L1,1995,7,Grassland,65255,3983.5103206829194
L1,1995,8,Barren land,55389,3535.3343138002056
L1,1995,9,Scrubland,84439,5435.383689717624
L1,1995,10,Forest,3323925,207534.8757831666
L1,1995,15,Wetland,56014,3607.1533662011534
L1,1995,18,Open water,98398,6224.871064626997
L1,1995,19,Aquaculture,23141,1495.9974559473667
L1,1996,1,Residence,22707,1429.3747744070706
L1,1996,3,Rice paddies,734461,46109.92920918808
L1,1996,4,Cropland,751339,47793.95434653648
L1,1996,7,Grassland,55703,3400.4528900071973
L1,1996,8,Barren land,59808,3803.5311512782037
L1,1996,9,Scrubland,99136,6378.83843572932
L1,1996,10,Forest,3354186,209388.3011503373
L1,1996,15,Wetland,52017,3347.3226531107875
L1,1996,18,Open water,97912,6196.788886324733
L1,1996,19,Aquaculture,32695,2114.214896544999
L1,1997,1,Residence,25682,1615.460526314127
L1,1997,3,Rice paddies,710734,44691.04349090882
L1,1997,4,Cropland,743000,47257.78091612501
L1,1997,7,Grassland,64150,3916.708012521817
L1,1997,8,Barren land,50856,3242.5015705672486
L1,1997,9,Scrubland,146235,9407.548242777886
L1,1997,10,Forest,3334178,208020.493781728
L1,1997,15,Wetland,49252,3168.7745555060114
L1,1997,18,Open water,103302,6535.441474923774
L1,1997,19,Aquaculture,32575,2106.9558221443363
L1,1998,1,Residence,28863,1820.734503076233
L1,1998,3,Rice paddies,726461,45662.04383820636
L1,1998,4,Cropland,734763,46695.99956564202
L1,1998,7,Grassland,64744,3960.8484813478913
L1,1998,8,Barren land,53362,3396.528379924118
L1,1998,9,Scrubland,177946,11446.47088819293
L1,1998,10,Forest,3281332,204687.62115739525
L1,1998,15,Wetland,49652,3190.7495200125445
L1,1998,18,Open water,100268,6346.906400943106
L1,1998,19,Aquaculture,42573,2754.8056587637243
L1,1999,1,Residence,33527,2111.662576369436
L1,1999,3,Rice paddies,741542,46620.55723912416
L1,1999,4,Cropland,732495,46513.585519933345
L1,1999,7,Grassland,62255,3811.8016519851535
L1,1999,8,Barren land,52459,3341.087100060105
L1,1999,9,Scrubland,137428,8839.10174591052
L1,1999,10,Forest,3318306,207110.7111765369
L1,1999,15,Wetland,43761,2810.5813073954914
L1,1999,18,Open water,95355,6033.378806951234
L1,1999,19,Aquaculture,42836,2770.241269191156
L1,2000,1,Residence,19214,1211.4401041873257
L1,2000,3,Rice paddies,691113,43533.80608213406
L1,2000,4,Cropland,803592,50969.8426013116
L1,2000,7,Grassland,83207,5088.736000570803
L1,2000,8,Barren land,65565,4151.293186465753
L1,2000,9,Scrubland,111274,7152.889715665358
L1,2000,10,Forest,3299369,205951.38717322252
L1,2000,15,Wetland,38304,2458.314449285474
L1,2000,18,Open water,105278,6660.799451721132
L1,2000,19,Aquaculture,43042,2783.823870847571
L1,2001,1,Residence,36786,2311.3185073430664
L1,2001,3,Rice paddies,679467,42809.57355596067
L1,2001,4,Cropland,781169,49562.297679140975
L1,2001,7,Grassland,120460,7361.154099923417
L1,2001,8,Barren land,97801,6130.887916384266
L1,2001,9,Scrubland,105819,6794.582242138279
L1,2001,10,Forest,3241040,202401.3767515435
L1,2001,15,Wetland,34614,2218.0198724854085
L1,2001,18,Open water,102066,6445.150533565454
L1,2001,19,Aquaculture,60742,3928.347235032335
L1,2002,1,Residence,39764,2504.5274923194775
L1,2002,3,Rice paddies,681347,42905.637979847226
L1,2002,4,Cropland,836175,52992.83972266805
L1,2002,7,Grassland,119362,7292.504899990343
L1,2002,8,Barren land,78719,4960.22685316744
L1,2002,9,Scrubland,86235,5531.352615557946
L1,2002,10,Forest,3196135,199582.32166073303
L1,2002,15,Wetland,37802,2422.0975105158645
L1,2002,18,Open water,102454,6466.972913860781
L1,2002,19,Aquaculture,81971,5304.226744820393
L1,2003,1,Residence,42047,2649.227585505986
L1,2003,3,Rice paddies,673847,42417.747357446235
L1,2003,4,Cropland,831389,52684.86781574292
L1,2003,7,Grassland,114362,6981.413971115163
L1,2003,8,Barren land,76615,4837.639945661973
L1,2003,9,Scrubland,99865,6413.5468864700515
L1,2003,10,Forest,3190267,199173.66794557287
L1,2003,15,Wetland,40716,2611.4093413707697
L1,2003,18,Open water,99464,6280.057698507624
L1,2003,19,Aquaculture,91392,5913.129846106097
L1,2004,1,Residence,40787,2570.2780766620053
L1,2004,3,Rice paddies,682586,42921.37240315873
L1,2004,4,Cropland,778226,49401.77136731235
L1,2004,7,Grassland,117719,7193.06245042089
L1,2004,8,Barren land,64679,4120.517335985081
L1,2004,9,Scrubland,112294,7213.589193810873
L1,2004,10,Forest,3237161,202063.10787080674
L1,2004,15,Wetland,36609,2348.009384646142
L1,2004,18,Open water,99350,6272.185514196307
L1,2004,19,Aquaculture,90553,5858.814796464532
L1,2005,1,Residence,30498,1925.504749214645
L1,2005,3,Rice paddies,678260,42655.411634097916
L1,2005,4,Cropland,791013,50166.469750157994
L1,2005,7,Grassland,113020,6913.474516240076
L1,2005,8,Barren land,82080,5163.156932662729
L1,2005,9,Scrubland,128645,8267.24712152015
L1,2005,10,Forest,3198711,199672.0517601103
L1,2005,15,Wetland,37873,2430.7488977231833
L1,2005,18,Open water,102210,6450.449703526022
L1,2005,19,Aquaculture,97654,6318.193328275623
L1,2006,1,Residence,46836,2956.901277705735
L1,2006,3,Rice paddies,695375,43764.09422854154
L1,2006,4,Cropland,706609,44838.72935148978
L1,2006,7,Grassland,105524,6455.6232540068195
L1,2006,8,Barren land,90277,5656.849654304792
L1,2006,9,Scrubland,109833,7059.184350818185
L1,2006,10,Forest,3256986,203339.72459764124
L1,2006,15,Wetland,37331,2396.5724205653087
L1,2006,18,Open water,106463,6719.7966874401345
L1,2006,19,Aquaculture,104730,6775.232570920288
L1,2007,1,Residence,48495,3058.0444354669658
L1,2007,3,Rice paddies,704790,44313.031363995244
L1,2007,4,Cropland,725905,46074.728360938556
L1,2007,7,Grassland,76047,4653.035138388308
L1,2007,8,Barren land,105129,6586.657916448534
L1,2007,9,Scrubland,101731,6535.170366549245
L1,2007,10,Forest,3252726,203062.90141973257
L1,2007,15,Wetland,36133,2317.4452661156415
L1,2007,18,Open water,104070,6571.8822601176835
L1,2007,19,Aquaculture,104938,6789.811865670962
L1,2008,1,Residence,47279,2981.111592781512
L1,2008,3,Rice paddies,748086,46999.79845071907
L1,2008,4,Cropland,695537,44198.81271780713
L1,2008,7,Grassland,63817,3905.8472658738156
L1,2008,8,Barren land,110430,6945.939777981143
L1,2008,9,Scrubland,114739,7362.866279179681
L1,2008,10,Forest,3243911,202472.76159503002
L1,2008,15,Wetland,33939,2176.6138364182875
L1,2008,18,Open water,102270,6451.872544189146
L1,2008,19,Aquaculture,99956,6467.084333452065
L1,2009,1,Residence,48067,3034.618539070829
L1,2009,3,Rice paddies,722288,45441.05566935925
L1,2009,4,Cropland,702214,44582.180453740766
L1,2009,7,Grassland,55504,3396.2656678692547
L1,2009,8,Barren land,106185,6687.467513800161
L1,2009,9,Scrubland,107825,6930.621868121862
L1,2009,10,Forest,3287221,205148.56944035942
L1,2009,15,Wetland,31406,2016.7214823167908
L1,2009,18,Open water,101646,6411.618852766354
L1,2009,19,Aquaculture,97608,6313.588906062745
L1,2010,1,Residence,52274,3296.4356918875783
L1,2010,3,Rice paddies,693580,43622.90992087587
L1,2010,4,Cropland,709388,45006.0124213645
L1,2010,7,Grassland,109163,6671.006299215314
L1,2010,8,Barren land,105340,6645.320608327268
L1,2010,9,Scrubland,85909,5519.913233821251
L1,2010,10,Forest,3269226,204164.86851975287
L1,2010,15,Wetland,25458,1629.4849104109965
L1,2010,18,Open water,98925,6245.72497801621
L1,2010,19,Aquaculture,110701,7161.031809810956
L1,2011,1,Residence,55063,3474.098372826061
L1,2011,3,Rice paddies,734804,46149.26745752165
L1,2011,4,Cropland,730748,46388.769641930754
L1,2011,7,Grassland,118080,7211.603644669199
L1,2011,8,Barren land,76105,4839.004062199452
L1,2011,9,Scrubland,87938,5652.196422621023
L1,2011,10,Forest,3218391,200983.46864109102
L1,2011,15,Wetland,29722,1907.4552112964118
L1,2011,18,Open water,104513,6591.691721988801
L1,2011,19,Aquaculture,104600,6765.153217382063
L1,2012,1,Residence,51901,3274.718366727335
L1,2012,3,Rice paddies,753401,47337.8818819549
L1,2012,4,Cropland,732222,46542.55638861185
L1,2012,7,Grassland,99234,6058.309841118805
L1,2012,8,Barren land,70770,4509.145033560056
L1,2012,9,Scrubland,95267,6124.229266222037
L1,2012,10,Forest,3229388,201572.62875333274
L1,2012,15,Wetland,25118,1608.4903641616936
L1,2012,18,Open water,106680,6724.588825649695
L1,2012,19,Aquaculture,95983,6210.159672139083
L1,2013,1,Residence,59294,3737.137034967087
L1,2013,3,Rice paddies,755555,47505.39454083511
L1,2013,4,Cropland,738424,46929.20419192666
L1,2013,7,Grassland,49596,3038.9168576758493
L1,2013,8,Barren land,78473,4967.590429299765
L1,2013,9,Scrubland,105707,6789.745661663068
L1,2013,10,Forest,3234827,201799.99536685925
L1,2013,15,Wetland,26483,1695.8367856240227
L1,2013,18,Open water,110645,6966.855087739643
L1,2013,19,Aquaculture,100960,6532.03243689904
L1,2014,1,Residence,64956,4088.046324816163
L1,2014,3,Rice paddies,708322,44623.920259617866
L1,2014,4,Cropland,729867,46427.62877042973
L1,2014,7,Grassland,89615,5473.997206863358
L1,2014,8,Barren land,94024,5935.210331579594
L1,2014,9,Scrubland,84203,5407.014925018953
L1,2014,10,Forest,3242537,202255.71365758727
L1,2014,15,Wetland,24819,1591.0216398314062
L1,2014,18,Open water,105722,6666.850355143174
L1,2014,19,Aquaculture,115899,7493.304922597382
L1,2015,1,Residence,63355,3993.5924481049456
L1,2015,3,Rice paddies,711682,44776.204375106834
L1,2015,4,Cropland,747308,47562.016424758236
L1,2015,7,Grassland,69320,4229.321618644947
L1,2015,8,Barren land,84221,5329.655600488033
L1,2015,9,Scrubland,72440,4648.583627650442
L1,2015,10,Forest,3259586,203303.73905618972
L1,2015,15,Wetland,24894,1596.5918855359337
L1,2015,18,Open water,103701,6538.172883034182
L1,2015,19,Aquaculture,123457,7984.830473996501
L1,2016,1,Residence,66238,4174.375848127044
L1,2016,3,Rice paddies,715421,44978.87675078111
L1,2016,4,Cropland,724662,46093.1514184501
L1,2016,7,Grassland,110363,6734.325295672842
L1,2016,8,Barren land,91143,5753.24982607374
L1,2016,9,Scrubland,77737,4989.282152378602
L1,2016,10,Forest,3221776,201078.784450815
L1,2016,15,Wetland,23790,1526.4471665800927
L1,2016,18,Open water,101504,6399.9131447508025
L1,2016,19,Aquaculture,127330,8234.302339834858
L1,2017,1,Residence,74808,4707.231893636017
L1,2017,3,Rice paddies,648828,40911.00158362827
L1,2017,4,Cropland,774960,49150.92221734488
L1,2017,7,Grassland,151809,9266.984310508873
L1,2017,8,Barren land,101034,6361.118351884461
L1,2017,9,Scrubland,114633,7364.92077802728
L1,2017,10,Forest,3137734,195822.58581719294
L1,2017,15,Wetland,24040,1541.9332013488652
L1,2017,18,Open water,104513,6586.378693981662
L1,2017,19,Aquaculture,127605,8249.631545942457
L1,2018,1,Residence,80468,5076.214827962421
L1,2018,3,Rice paddies,665135,41827.875710842134
L1,2018,4,Cropland,881099,55997.522785664994
L1,2018,7,Grassland,102395,6252.54242460316
L1,2018,8,Barren land,69553,4411.505713825377
L1,2018,9,Scrubland,103725,6659.121230323555
L1,2018,10,Forest,3103876,193497.01369450465
L1,2018,15,Wetland,24105,1547.2323975969555
L1,2018,18,Open water,98957,6249.761897357298
L1,2018,19,Aquaculture,130651,8443.917710793845
L1,2019,1,Residence,87140,5487.664997317034
L1,2019,3,Rice paddies,603806,38057.453164499806
L1,2019,4,Cropland,903702,57326.22610804153
L1,2019,7,Grassland,96165,5873.066371519987
L1,2019,8,Barren land,75438,4777.922844984044
L1,2019,9,Scrubland,144172,9265.179731649936
L1,2019,10,Forest,3091125,192658.3895811523
L1,2019,15,Wetland,22058,1413.3039652125171
L1,2019,18,Open water,103182,6503.059707073405
L1,2019,19,Aquaculture,133176,8600.441922001552
L1,2020,1,Residence,106935,6738.718649640947
L1,2020,3,Rice paddies,625479,39437.75512329419
L1,2020,4,Cropland,850556,53985.47023240799
L1,2020,7,Grassland,114615,6999.2081907661495
L1,2020,8,Barren land,70196,4441.901589440314
L1,2020,9,Scrubland,147981,9507.837480391809
L1,2020,10,Forest,3083284,192163.64313278967
L1,2020,15,Wetland,22671,1452.9913020567972
L1,2020,18,Open water,95109,6000.198925963352
L1,2020,19,Aquaculture,143138,9234.983766702086
L2,1990,1,Residence 1,4352,273.45982775283824
L2,1990,2,Residence 2,3490,223.40366458449512
L2,1990,3,Rice paddies,694217,43653.73576230182
L2,1990,4,Woody crops,414883,26585.06038008678
L2,1990,5,Other crops,406464,25633.9892597991
L2,1990,6,In-house crops,68,4.367927422386269
L2,1990,7,Grassland,89687,5474.168921402672
L2,1990,8,Barren land,55074,3514.4005824333562
L2,1990,9,Scrubland,125601,8072.474005002795
L2,1990,10,Deciduous broadleaf forest,274840,17619.570322165077
L2,1990,11,Evergreen broadleaf forest,1924153,119509.16725299582
L2,1990,12,Evergreen needleleaf forest,17650,1134.3464104552443
L2,1990,14,Plantation,1066458,66629.77402399392
L2,1990,15,Mangrove forest,44976,2885.556773488682
L2,1990,16,Inland wetland,4231,273.28237943972226
L2,1990,18,Open water,96816,6117.441713087925
L2,1990,19,Aquaculture,24239,1567.4754714748583
L2,1990,20,Bamboo,12765,791.033715948471
L2,1991,1,Residence 1,8659,541.3206710138402
L2,1991,2,Residence 2,8117,516.7290065215636
L2,1991,3,Rice paddies,770599,48425.65594535186
L2,1991,4,Woody crops,419581,26868.43189614847
L2,1991,5,Other crops,317810,20032.562335664337
L2,1991,6,In-house crops,140,8.99738817860321
L2,1991,7,Grassland,64731,3957.154165529039
L2,1991,8,Barren land,60884,3878.5001889055848
L2,1991,9,Scrubland,105100,6758.8469248468555
L2,1991,10,Deciduous broadleaf forest,352765,22629.202961028797
L2,1991,11,Evergreen broadleaf forest,2020950,125424.12388200557
L2,1991,12,Evergreen needleleaf forest,23590,1516.5390284687048
L2,1991,14,Plantation,928655,58040.47195189921
L2,1991,15,Mangrove forest,45362,2908.6306741644935
L2,1991,16,Inland wetland,12187,786.8736646720929
L2,1991,18,Open water,91180,5762.877445646632
L2,1991,19,Aquaculture,25721,1662.9201347164942
L2,1991,20,Bamboo,3933,242.8701290448304
L2,1992,1,Residence 1,7800,487.4934128884237
L2,1992,2,Residence 2,9029,574.2749720653204
L2,1992,3,Rice paddies,746435,46869.551517539316
L2,1992,4,Woody crops,451043,28891.95955581881
L2,1992,5,Other crops,319636,20143.737117572993
L2,1992,6,In-house crops,283,18.186813401225727
L2,1992,7,Grassland,105368,6437.800697711797
L2,1992,8,Barren land,81971,5221.973148637954
L2,1992,9,Scrubland,81715,5257.659430425275
L2,1992,10,Deciduous broadleaf forest,305841,19621.285531013044
L2,1992,11,Evergreen broadleaf forest,2002219,124256.85675504827
L2,1992,12,Evergreen needleleaf forest,21607,1388.9679294826165
L2,1992,14,Plantation,942942,59069.416560224134
L2,1992,15,Mangrove forest,41596,2672.9428435625687
L2,1992,16,Inland wetland,11188,722.4841331321265
L2,1992,18,Open water,92973,5877.999565663628
L2,1992,19,Aquaculture,28296,1828.8655402855923
L2,1992,20,Bamboo,10022,621.2528693350456
L2,1993,1,Residence 1,8589,536.6688365780261
L2,1993,2,Residence 2,12027,758.2391807304077
L2,1993,3,Rice paddies,724519,45588.908157028105
L2,1993,4,Woody crops,418307,26817.764110232703
L2,1993,5,Other crops,333814,20996.674449720136
L2,1993,6,In-house crops,365,23.45326319008137
L2,1993,7,Grassland,98174,5989.921084868585
L2,1993,8,Barren land,64605,4111.139406649733
L2,1993,9,Scrubland,82827,5331.46776942377
L2,1993,10,Deciduous broadleaf forest,299946,19235.501616661903
L2,1993,11,Evergreen broadleaf forest,1927880,119699.14016752405
L2,1993,12,Evergreen needleleaf forest,21218,1363.8749166795594
L2,1993,14,Plantation,1071325,67041.59113793327
L2,1993,15,Mangrove forest,41998,2695.4045442340657
L2,1993,16,Inland wetland,3990,257.7250188859412
L2,1993,18,Open water,99356,6279.046944053572
L2,1993,19,Aquaculture,30215,1952.7852700001808
L2,1993,20,Bamboo,20809,1283.4025194261185
L2,1994,1,Residence 1,8310,520.2250838913393
L2,1994,2,Residence 2,11786,749.2913858633
L2,1994,3,Rice paddies,779334,48923.17454393582
L2,1994,4,Woody crops,412493,26453.053215872955
L2,1994,5,Other crops,309351,19446.271996869345
L2,1994,6,In-house crops,424,27.247562773181773
L2,1994,7,Grassland,111611,6813.171877583351
L2,1994,8,Barren land,58876,3748.9122447537625
L2,1994,9,Scrubland,118905,7650.4927129542375
L2,1994,10,Deciduous broadleaf forest,330718,21208.33332259034
L2,1994,11,Evergreen broadleaf forest,1922612,119320.63369465483
L2,1994,12,Evergreen needleleaf forest,18473,1187.4270633427536
L2,1994,14,Plantation,979407,61354.560097371366
L2,1994,15,Mangrove forest,40604,2606.9728302279414
L2,1994,16,Inland wetland,7919,511.96108155091787
L2,1994,18,Open water,98548,6224.28182491295
L2,1994,19,Aquaculture,33370,2158.5872080970603
L2,1994,20,Bamboo,17223,1058.1106465757496
L2,1995,1,Residence 1,5525,347.3229529271349
L2,1995,2,Residence 2,5444,347.20505822322485
L2,1995,3,Rice paddies,794765,49770.04143616081
L2,1995,4,Woody crops,435024,27909.6863348013
L2,1995,5,Other crops,343185,21662.00006486113
L2,1995,6,In-house crops,356,22.880172556676495
L2,1995,7,Grassland,77725,4746.840631546711
L2,1995,8,Barren land,57206,3650.009563958398
L2,1995,9,Scrubland,94496,6082.460515954052
L2,1995,10,Deciduous broadleaf forest,330550,21194.57441069636
L2,1995,11,Evergreen broadleaf forest,1924672,119435.47926636052
L2,1995,12,Evergreen needleleaf forest,19433,1249.0164092207065
L2,1995,14,Plantation,971621,60833.34433429286
L2,1995,15,Mangrove forest,45284,2913.3516216419894
L2,1995,16,Inland wetland,12500,807.8688594698655
L2,1995,18,Open water,101994,6452.738237765063
L2,1995,19,Aquaculture,23475,1517.6017087715059
L2,1995,20,Bamboo,16709,1020.2868146262414
L2,1996,1,Residence 1,8358,524.1237945303558
L2,1996,2,Residence 2,10647,676.2102323680164
L2,1996,3,Rice paddies,780423,48956.22503381693
L2,1996,4,Woody crops,454101,29124.77497492289
L2,1996,5,Other crops,285150,17924.525360734366
L2,1996,6,In-house crops,247,15.874183549691915
L2,1996,7,Grassland,69916,4270.130307884506
L2,1996,8,Barren land,62957,3999.0867878688923
L2,1996,9,Scrubland,112955,7267.571399796393
L2,1996,10,Deciduous broadleaf forest,288809,18517.270674164018
L2,1996,11,Evergreen broadleaf forest,1917768,119011.30892522393
L2,1996,12,Evergreen needleleaf forest,16151,1037.9458520133744
L2,1996,14,Plantation,1052552,65906.5399549876
L2,1996,15,Mangrove forest,46678,3001.894030136446
L2,1996,16,Inland wetland,5448,352.0488056525906
L2,1996,18,Open water,101180,6402.122691137133
L2,1996,19,Aquaculture,33570,2170.7688978481806
L2,1996,20,Bamboo,13054,804.2864872075014
L2,1997,1,Residence 1,9830,615.3940803015089
L2,1997,2,Residence 2,11586,734.6241411314631
L2,1997,3,Rice paddies,752119,47258.89578438395
L2,1997,4,Woody crops,434862,27922.204697545847
L2,1997,5,Other crops,304704,19133.93593516722
L2,1997,6,In-house crops,192,12.339494184862328
L2,1997,7,Grassland,76913,4697.330766597044
L2,1997,8,Barren land,52444,3342.5964991477385
L2,1997,9,Scrubland,165751,10662.480003955958
L2,1997,10,Deciduous broadleaf forest,283069,18147.360419340726
L2,1997,11,Evergreen broadleaf forest,1916906,118939.5816873609
L2,1997,12,Evergreen needleleaf forest,16810,1080.4599372988816
L2,1997,14,Plantation,1035555,64729.304830875095
L2,1997,15,Mangrove forest,46378,2982.6784949891708
L2,1997,16,Inland wetland,2760,178.3633763113084
L2,1997,18,Open water,106601,6742.245662818227
L2,1997,19,Aquaculture,33121,2142.200742480526
L2,1997,20,Bamboo,10363,640.7118399478038
L2,1998,1,Residence 1,11533,722.2343024175009
L2,1998,2,Residence 2,13177,840.3009132409536
L2,1998,3,Rice paddies,772244,48505.49279295445
L2,1998,4,Woody crops,436839,27999.187830586252
L2,1998,5,Other crops,294947,18516.684592092308
L2,1998,6,In-house crops,215,13.820126556398183
L2,1998,7,Grassland,79151,4843.0311315224
L2,1998,8,Barren land,55553,3533.4127504767557
L2,1998,9,Scrubland,196176,12617.866670917516
L2,1998,10,Deciduous broadleaf forest,281178,18021.146741501256
L2,1998,11,Evergreen broadleaf forest,1942192,120482.78413588688
L2,1998,12,Evergreen needleleaf forest,18009,1157.504086471337
L2,1998,14,Plantation,942605,58945.69179319668
L2,1998,15,Mangrove forest,46896,3011.911591644664
L2,1998,16,Inland wetland,2876,186.08620675918164
L2,1998,18,Open water,104106,6588.487728971131
L2,1998,19,Aquaculture,43563,2818.7814462117667
L2,1998,20,Bamboo,18704,1158.2835523947326
L2,1999,1,Residence 1,11433,715.4642200559211
L2,1999,2,Residence 2,17224,1094.9789752756083
L2,1999,3,Rice paddies,793730,49869.35859161061
L2,1999,4,Woody crops,427323,27345.29349825399
L2,1999,5,Other crops,292783,18402.84018245765
L2,1999,6,In-house crops,271,17.425367614667877
L2,1999,7,Grassland,75016,4593.339235426765
L2,1999,8,Barren land,54219,3452.0014897398482
L2,1999,9,Scrubland,157767,10146.886604215382
L2,1999,10,Deciduous broadleaf forest,286865,18390.638822229957
L2,1999,11,Evergreen broadleaf forest,1932209,119852.1080715486
L2,1999,12,Evergreen needleleaf forest,18840,1210.8338952104173
L2,1999,14,Plantation,998453,62514.18216515488
L2,1999,15,Mangrove forest,39526,2536.0270565448272
L2,1999,16,Inland wetland,4327,280.00004717444494
L2,1999,18,Open water,99004,6263.701910050548
L2,1999,19,Aquaculture,44033,2847.605661576586
L2,1999,20,Bamboo,6941,430.02259967277564
L2,2000,1,Residence 1,7550,473.9896757246045
L2,2000,2,Residence 2,10064,639.3995891291731
L2,2000,3,Rice paddies,732298,46102.58321907608
L2,2000,4,Woody crops,418552,26794.36497848022
L2,2000,5,Other crops,371725,23347.724965039495
L2,2000,6,In-house crops,303,19.47287595080253
L2,2000,7,Grassland,93748,5737.592688306982
L2,2000,8,Barren land,68873,4356.390667093107
L2,2000,9,Scrubland,131003,8421.140792522232
L2,2000,10,Deciduous broadleaf forest,254540,16318.740865677379
L2,2000,11,Evergreen broadleaf forest,1900116,117839.84487187077
L2,2000,12,Evergreen needleleaf forest,18915,1215.627000533585
L2,2000,14,Plantation,1045243,65521.475858719175
L2,2000,15,Mangrove forest,32463,2080.745985273015
L2,2000,16,Inland wetland,6249,403.82816666981034
L2,2000,18,Open water,109665,6937.989120633984
L2,2000,19,Aquaculture,43749,2829.5553874204506
L2,2000,20,Bamboo,14902,921.8659276495927
L2,2001,1,Residence 1,11143,697.4562800708998
L2,2001,2,Residence 2,20607,1302.7575356504954
L2,2001,3,Rice paddies,717204,45161.613121385984
L2,2001,4,Woody crops,431428,27583.863435317086
L2,2001,5,Other crops,328231,20652.04990307568
L2,2001,6,In-house crops,299,19.2184441349833
L2,2001,7,Grassland,137746,8419.292424096417
L2,2001,8,Barren land,103350,6473.45898553075
L2,2001,9,Scrubland,121705,7814.931548861286
L2,2001,10,Deciduous broadleaf forest,260844,16725.49318540883
L2,2001,11,Evergreen broadleaf forest,1800762,111789.64108007467
L2,2001,12,Evergreen needleleaf forest,18130,1164.8738176829336
L2,2001,14,Plantation,1078913,67563.28847928962
L2,2001,15,Mangrove forest,29524,1889.0552144561605
L2,2001,16,Inland wetland,5301,342.4075072090373
L2,2001,18,Open water,105976,6691.11330211678
L2,2001,19,Aquaculture,62717,4055.839576144386
L2,2001,20,Bamboo,26084,1616.3545532885926
L2,2002,1,Residence 1,12710,794.982178972059
L2,2002,2,Residence 2,21803,1385.3123804887323
L2,2002,3,Rice paddies,719791,45307.07089633112
L2,2002,4,Woody crops,434723,27795.319106520597
L2,2002,5,Other crops,390789,24551.35022177174
L2,2002,6,In-house crops,669,43.00407597443359
L2,2002,7,Grassland,137887,8424.530989145305
L2,2002,8,Barren land,83913,5282.336147913497
L2,2002,9,Scrubland,100858,6470.324315740011
L2,2002,10,Deciduous broadleaf forest,291350,18683.495770842455
L2,2002,11,Evergreen broadleaf forest,1845285,114542.47453430206
L2,2002,12,Evergreen needleleaf forest,20799,1336.1191257718126
L2,2002,14,Plantation,954096,59714.1902215243
L2,2002,15,Mangrove forest,29136,1861.3901179104719
L2,2002,16,Inland wetland,9175,593.2638500377623
L2,2002,18,Open water,106228,6704.140016573074
L2,2002,19,Aquaculture,83954,5432.347979909705
L2,2002,20,Bamboo,16798,1041.0564640436564
L2,2003,1,Residence 1,13099,819.3340310407216
L2,2003,2,Residence 2,23617,1500.8961094277913
L2,2003,3,Rice paddies,712155,44808.87755865897
L2,2003,4,Woody crops,444104,28381.54976587428
L2,2003,5,Other crops,374392,23507.28975863448
L2,2003,6,In-house crops,1011,64.96544745825014
L2,2003,7,Grassland,132247,8075.504170939886
L2,2003,8,Barren land,82671,5212.758615985323
L2,2003,9,Scrubland,114368,7344.771177973478
L2,2003,10,Deciduous broadleaf forest,251071,16104.184074734661
L2,2003,11,Evergreen broadleaf forest,1832577,113722.60287099396
L2,2003,12,Evergreen needleleaf forest,24106,1548.8314696998766
L2,2003,14,Plantation,999800,62618.97701178247
L2,2003,15,Mangrove forest,29673,1897.3773660250756
L2,2003,16,Inland wetland,11825,764.2599553975081
L2,2003,18,Open water,103260,6519.176760003029
L2,2003,19,Aquaculture,93505,6049.672520256575
L2,2003,20,Bamboo,16483,1021.6797288922402
L2,2004,1,Residence 1,13891,866.7798645664277
L2,2004,2,Residence 2,21550,1373.1714298966754
L2,2004,3,Rice paddies,718055,45135.249559379045
L2,2004,4,Woody crops,445505,28508.33754087795
L2,2004,5,Other crops,332967,20911.102966633196
L2,2004,6,In-house crops,525,33.74131866665009
L2,2004,7,Grassland,135792,8298.476923795159
L2,2004,8,Barren land,66901,4261.204067780404
L2,2004,9,Scrubland,126706,8139.252773065573
L2,2004,10,Deciduous broadleaf forest,231210,14821.806573855629
L2,2004,11,Evergreen broadleaf forest,1807557,112203.38754471621
L2,2004,12,Evergreen needleleaf forest,18132,1165.3181791281866
L2,2004,14,Plantation,1097956,68719.66959471902
L2,2004,15,Mangrove forest,27086,1731.57199461507
L2,2004,16,Inland wetland,10065,651.2303300581245
L2,2004,18,Open water,103144,6511.348202489434
L2,2004,19,Aquaculture,92695,5997.23957714799
L2,2004,20,Bamboo,10227,633.8199524076946
L2,2005,1,Residence 1,10264,644.0180202571593
L2,2005,2,Residence 2,17711,1128.722654534957
L2,2005,3,Rice paddies,720081,45272.297405018406
L2,2005,4,Woody crops,383254,24515.721993884516
L2,2005,5,Other crops,394215,24791.48801929085
L2,2005,6,In-house crops,595,38.235268409541405
L2,2005,7,Grassland,136211,8333.608069171216
L2,2005,8,Barren land,84788,5331.541576310273
L2,2005,9,Scrubland,144484,9284.661563683489
L2,2005,10,Deciduous broadleaf forest,217740,13956.669854586582
L2,2005,11,Evergreen broadleaf forest,1721066,106866.10743104073
L2,2005,12,Evergreen needleleaf forest,19820,1273.8295924329273
L2,2005,14,Plantation,1152265,72091.1400102083
L2,2005,15,Mangrove forest,29219,1870.5566690879816
L2,2005,16,Inland wetland,8818,570.5968448303724
L2,2005,18,Open water,106501,6721.749337746409
L2,2005,19,Aquaculture,100348,6492.49634962447
L2,2005,20,Bamboo,12584,779.2677337400942
L2,2006,1,Residence 1,13856,867.6324305649488
L2,2006,2,Residence 2,27595,1756.6643776873548
L2,2006,3,Rice paddies,732288,46069.31571949776
L2,2006,4,Woody crops,376112,24080.6620590107
L2,2006,5,Other crops,330839,20775.96940603687
L2,2006,6,In-house crops,922,59.26249984290592
L2,2006,7,Grassland,130627,7992.665355435547
L2,2006,8,Barren land,94233,5901.922257446666
L2,2006,9,Scrubland,125274,8051.2941843602575
L2,2006,10,Deciduous broadleaf forest,223966,14360.559955934805
L2,2006,11,Evergreen broadleaf forest,1755614,109002.2011349696
L2,2006,12,Evergreen needleleaf forest,20626,1325.5899859700594
L2,2006,14,Plantation,1152116,72119.55524125487
L2,2006,15,Mangrove forest,29671,1900.9863178359653
L2,2006,16,Inland wetland,7472,483.1143842999474
L2,2006,18,Open water,110515,6975.646954273757
L2,2006,19,Aquaculture,107094,6928.026806972618
L2,2006,20,Bamboo,21144,1311.6393224493427
L2,2007,1,Residence 1,15455,966.0716329811692
L2,2007,2,Residence 2,27590,1755.0824187649348
L2,2007,3,Rice paddies,749080,47067.0486804931
L2,2007,4,Woody crops,394891,25249.493496579096
L2,2007,5,Other crops,326858,20562.705222273686
L2,2007,6,In-house crops,932,59.91222355226593
L2,2007,7,Grassland,94865,5805.748002162827
L2,2007,8,Barren land,114107,7139.7385844779665
L2,2007,9,Scrubland,119554,7679.718072376908
L2,2007,10,Deciduous broadleaf forest,225395,14455.759535638474
L2,2007,11,Evergreen broadleaf forest,1771378,109925.66699760563
L2,2007,12,Evergreen needleleaf forest,20662,1327.756532114714
L2,2007,14,Plantation,1130852,70838.08398680064
L2,2007,15,Mangrove forest,29180,1867.4574915190371
L2,2007,16,Inland wetland,7162,463.18866098093355
L2,2007,18,Open water,108344,6842.138535616897
L2,2007,19,Aquaculture,107609,6962.475850324473
L2,2007,20,Bamboo,16050,994.6624695821134
L2,2008,1,Residence 1,14554,911.2189285001809
L2,2008,2,Residence 2,26542,1687.2093246526163
L2,2008,3,Rice paddies,790079,49613.79271373493
L2,2008,4,Woody crops,392065,25110.50669242104
L2,2008,5,Other crops,299177,18813.61529914516
L2,2008,6,In-house crops,1029,66.20430554676123
L2,2008,7,Grassland,78832,4825.407260317605
L2,2008,8,Barren land,119442,7501.880025384309
L2,2008,9,Scrubland,132094,8476.256111163133
L2,2008,10,Deciduous broadleaf forest,202883,13000.193151264672
L2,2008,11,Evergreen broadleaf forest,1776451,110252.28799840948
L2,2008,12,Evergreen needleleaf forest,17930,1152.067197997099
L2,2008,14,Plantation,1138715,71355.75201333014
L2,2008,15,Mangrove forest,26112,1669.7294792340317
L2,2008,16,Inland wetland,7615,492.86138029038426
L2,2008,18,Open water,105783,6672.941434978713
L2,2008,19,Aquaculture,102221,6613.50952252893
L2,2008,20,Bamboo,28440,1747.2755549161097
L2,2009,1,Residence 1,16098,1009.6877680236171
L2,2009,2,Residence 2,26669,1699.104195077763
L2,2009,3,Rice paddies,761821,47913.80867119687
L2,2009,4,Woody crops,366891,23505.885192626192
L2,2009,5,Other crops,324861,20406.62097274759
L2,2009,6,In-house crops,917,58.93067233426414
L2,2009,7,Grassland,65746,4024.0898218951797
L2,2009,8,Barren land,111256,7003.50991925033
L2,2009,9,Scrubland,126492,8129.068649030377
L2,2009,10,Deciduous broadleaf forest,193062,12369.570232011438
L2,2009,11,Evergreen broadleaf forest,1838797,114080.55944904863
L2,2009,12,Evergreen needleleaf forest,17130,1100.7299420332422
L2,2009,14,Plantation,1152443,72224.71538396401
L2,2009,15,Mangrove forest,23392,1497.8407248452263
L2,2009,16,Inland wetland,8463,547.6741439620341
L2,2009,18,Open water,105611,6661.901166854119
L2,2009,19,Aquaculture,100662,6511.109932312867
L2,2009,20,Bamboo,19653,1217.9015566214714
L2,2010,1,Residence 1,17174,1076.0792947354687
L2,2010,2,Residence 2,30410,1933.595149108565
L2,2010,3,Rice paddies,732510,46063.686930058386
L2,2010,4,Woody crops,380096,24338.655422607706
L2,2010,5,Other crops,316308,19845.36001431278
L2,2010,6,In-house crops,905,58.19285536068725
L2,2010,7,Grassland,126333,7722.8945439795825
L2,2010,8,Barren land,111101,7006.841739498797
L2,2010,9,Scrubland,105918,6804.879599852098
L2,2010,10,Deciduous broadleaf forest,180197,11555.328567574474
L2,2010,11,Evergreen broadleaf forest,1832178,113764.10705541118
L2,2010,12,Evergreen needleleaf forest,17381,1116.8562080498104
L2,2010,14,Plantation,1147358,71949.09330032942
L2,2010,15,Mangrove forest,21718,1387.5136350258824
L2,2010,16,Inland wetland,4399,284.40714098018094
L2,2010,18,Open water,102932,6499.023955521112
L2,2010,19,Aquaculture,113954,7371.314861760903
L2,2010,20,Bamboo,19092,1184.8781196712357
L2,2011,1,Residence 1,19788,1236.3504534671056
L2,2011,2,Residence 2,29904,1909.1990087307668
L2,2011,3,Rice paddies,794700,49888.93104377832
L2,2011,4,Woody crops,373216,23875.877821481405
L2,2011,5,Other crops,339172,21357.168563808835
L2,2011,6,In-house crops,689,44.31502634432754
L2,2011,7,Grassland,142299,8694.381356149644
L2,2011,8,Barren land,80372,5108.230044934875
L2,2011,9,Scrubland,110843,7123.595175853833
L2,2011,10,Deciduous broadleaf forest,250477,16070.838549768972
L2,2011,11,Evergreen broadleaf forest,1829436,113465.57324593648
L2,2011,12,Evergreen needleleaf forest,17002,1092.5522610232003
L2,2011,14,Plantation,997688,62614.03635995355
L2,2011,15,Mangrove forest,21933,1403.3939190391532
L2,2011,16,Inland wetland,8686,561.8302742064334
L2,2011,18,Open water,109336,6895.979944851541
L2,2011,19,Aquaculture,107347,6942.680591776485
L2,2011,20,Bamboo,27076,1677.7747527267954
L2,2012,1,Residence 1,19338,1205.0644602315574
L2,2012,2,Residence 2,27994,1790.6371911480558
L2,2012,3,Rice paddies,817335,51329.02245183715
L2,2012,4,Woody crops,380414,24351.321667740405
L2,2012,5,Other crops,340162,21443.190931262514
L2,2012,6,In-house crops,818,52.628819514909665
L2,2012,7,Grassland,124014,7573.133427849884
L2,2012,8,Barren land,75301,4794.31333587419
L2,2012,9,Scrubland,120248,7728.799103761461
L2,2012,10,Deciduous broadleaf forest,252065,16170.917423922685
L2,2012,11,Evergreen broadleaf forest,1916093,118784.42134999247
L2,2012,12,Evergreen needleleaf forest,17815,1144.8309200097895
L2,2012,14,Plantation,912747,57312.435352717686
L2,2012,15,Mangrove forest,21063,1345.7546094955017
L2,2012,16,Inland wetland,4786,309.600785617847
L2,2012,18,Open water,111786,7046.004057761116
L2,2012,19,Aquaculture,98839,6394.829360820547
L2,2012,20,Bamboo,19146,1185.8031442654544
L2,2013,1,Residence 1,21001,1310.7803297666205
L2,2013,2,Residence 2,32154,2049.4517910581026
L2,2013,3,Rice paddies,818507,51428.7148816829
L2,2013,4,Woody crops,385713,24699.890276377773
L2,2013,5,Other crops,345122,21751.77541489882
L2,2013,6,In-house crops,1497,96.4014420951108
L2,2013,7,Grassland,69735,4271.436013525166
L2,2013,8,Barren land,83814,5301.663665709797
L2,2013,9,Scrubland,130110,8356.460549945126
L2,2013,10,Deciduous broadleaf forest,224415,14403.661627124724
L2,2013,11,Evergreen broadleaf forest,1852301,114936.80403506319
L2,2013,12,Evergreen needleleaf forest,18315,1176.8363169592951
L2,2013,14,Plantation,1014341,63433.10891038768
L2,2013,15,Mangrove forest,22504,1438.3434833753977
L2,2013,16,Inland wetland,4645,300.18737838302695
L2,2013,18,Open water,116189,7315.021165756038
L2,2013,19,Aquaculture,104179,6740.141621076788
L2,2013,20,Bamboo,15422,952.0294906426834
L2,2014,1,Residence 1,20924,1304.938493009901
L2,2014,2,Residence 2,34781,2211.333978962143
L2,2014,3,Rice paddies,747416,47068.58642516006
L2,2014,4,Woody crops,405209,25981.413025333157
L2,2014,5,Other crops,327388,20629.566508013246
L2,2014,6,In-house crops,1063,68.39685795709524
L2,2014,7,Grassland,118064,7213.683042763947
L2,2014,8,Barren land,100418,6334.54754003456
L2,2014,9,Scrubland,104484,6709.099080974648
L2,2014,10,Deciduous broadleaf forest,214283,13749.481578635205
L2,2014,11,Evergreen broadleaf forest,1864997,115796.20146008111
L2,2014,12,Evergreen needleleaf forest,21041,1351.5154060526133
L2,2014,14,Plantation,1031102,64398.19838387711
L2,2014,15,Mangrove forest,21838,1398.2285156896883
L2,2014,16,Inland wetland,3379,218.3732122092805
L2,2014,18,Open water,110417,6961.3419100433175
L2,2014,19,Aquaculture,119376,7717.879819369604
L2,2014,20,Bamboo,13784,849.9231556578914
L2,2015,1,Residence 1,19897,1243.3956176571273
L2,2015,2,Residence 2,38389,2444.503502644873
L2,2015,3,Rice paddies,754452,47454.29391188558
L2,2015,4,Woody crops,414338,26552.499930083883
L2,2015,5,Other crops,318039,20061.274351205306
L2,2015,6,In-house crops,1405,90.41729914603113
L2,2015,7,Grassland,89221,5446.108163095287
L2,2015,8,Barren land,89416,5655.538010333202
L2,2015,9,Scrubland,89168,5723.553507775055
L2,2015,10,Deciduous broadleaf forest,179839,11530.948086369945
L2,2015,11,Evergreen broadleaf forest,1828202,113546.79440644784
L2,2015,12,Evergreen needleleaf forest,22919,1472.7263756385605
L2,2015,14,Plantation,1149112,71768.41950315547
L2,2015,15,Mangrove forest,21435,1372.758411501739
L2,2015,16,Inland wetland,4144,267.9400290163296
L2,2015,18,Open water,108571,6844.180795913413
L2,2015,19,Aquaculture,127301,8233.070812676022
L2,2015,20,Bamboo,4116,254.28567929636762
L2,2016,1,Residence 1,21627,1351.1456922424486
L2,2016,2,Residence 2,36601,2328.756691609362
L2,2016,3,Rice paddies,760476,47794.453210269014
L2,2016,4,Woody crops,424567,27214.17509872216
L2,2016,5,Other crops,293258,18461.272554701874
L2,2016,6,In-house crops,2166,139.45757107729457
L2,2016,7,Grassland,135320,8258.49404739795
L2,2016,8,Barren land,96833,6110.038311896042
L2,2016,9,Scrubland,94491,6065.487180298951
L2,2016,10,Deciduous broadleaf forest,235690,15108.052053371986
L2,2016,11,Evergreen broadleaf forest,1815292,112721.91147768592
L2,2016,12,Evergreen needleleaf forest,23151,1487.1919691297733
L2,2016,14,Plantation,1049939,65637.06206242123
L2,2016,15,Mangrove forest,20342,1303.3917823792053
L2,2016,16,Inland wetland,3915,253.1496696940513
L2,2016,18,Open water,106207,6695.281362970247
L2,2016,19,Aquaculture,130528,8440.804810161511
L2,2016,20,Bamboo,9561,592.5828477685712
L2,2017,1,Residence 1,26945,1677.0901566111354
L2,2017,2,Residence 2,37014,2358.683417927348
L2,2017,3,Rice paddies,690553,43510.72804041707
L2,2017,4,Woody crops,441494,28276.117353433852
L2,2017,5,Other crops,328602,20590.72456998838
L2,2017,6,In-house crops,967,62.24852457624688
L2,2017,7,Grassland,179844,10978.534054766982
L2,2017,8,Barren land,106146,6681.376687046977
L2,2017,9,Scrubland,138598,8905.019032185097
L2,2017,10,Deciduous broadleaf forest,225143,14423.127651528199
L2,2017,11,Evergreen broadleaf forest,1855294,115169.24345894999
L2,2017,12,Evergreen needleleaf forest,21501,1381.1137801102786
L2,2017,14,Plantation,927206,58039.54124434238
L2,2017,15,Mangrove forest,19895,1273.6967592634248
L2,2017,16,Inland wetland,4474,289.2942678993344
L2,2017,18,Open water,109449,6895.258262745383
L2,2017,19,Aquaculture,131145,8478.143062490333
L2,2017,20,Bamboo,15694,972.7680695136161
L2,2018,1,Residence 1,28907,1802.6658476868167
L2,2018,2,Residence 2,43816,2798.150054305709
L2,2018,3,Rice paddies,710957,44685.43619677582
L2,2018,4,Woody crops,542271,34732.49723913808
L2,2018,5,Other crops,329728,20702.946551220433
L2,2018,6,In-house crops,1998,128.65872792801343
L2,2018,7,Grassland,119904,7323.534621985727
L2,2018,8,Barren land,73992,4692.628605704066
L2,2018,9,Scrubland,130383,8371.12027127611
L2,2018,10,Deciduous broadleaf forest,190738,12230.068747085887
L2,2018,11,Evergreen broadleaf forest,2075115,128734.36358839287
L2,2018,12,Evergreen needleleaf forest,17904,1150.0993799148805
L2,2018,14,Plantation,700007,43844.084101781074
L2,2018,15,Mangrove forest,20430,1309.3344650308356
L2,2018,16,Inland wetland,3792,245.26603263379
L2,2018,18,Open water,103745,6550.562311629219
L2,2018,19,Aquaculture,134230,8674.597381119363
L2,2018,20,Bamboo,32047,1986.6942701922696
L2,2019,1,Residence 1,27817,1733.868091801627
L2,2019,2,Residence 2,49748,3165.0301436675995
L2,2019,3,Rice paddies,653465,41150.51849175354
L2,2019,4,Woody crops,533484,34135.52437361021
L2,2019,5,Other crops,348360,21823.217324312907
L2,2019,6,In-house crops,2570,165.4993281456014
L2,2019,7,Grassland,124165,7583.162729133647
L2,2019,8,Barren land,80794,5114.976825606814
L2,2019,9,Scrubland,180405,11593.507826433783
L2,2019,10,Deciduous broadleaf forest,207231,13286.760694445484
L2,2019,11,Evergreen broadleaf forest,2006754,124527.56761354182
L2,2019,12,Evergreen needleleaf forest,19061,1224.7545074104726
L2,2019,14,Plantation,740850,46263.99754224107
L2,2019,15,Mangrove forest,19058,1218.8293652577324
L2,2019,16,Inland wetland,3121,201.97232052687426
L2,2019,18,Open water,109058,6869.925948733442
L2,2019,19,Aquaculture,137762,8895.364936479753
L2,2019,20,Bamboo,16261,1008.2303307119184
L2,2020,1,Residence 1,32055,1999.8533757787536
L2,2020,2,Residence 2,63523,4040.191415667546
L2,2020,3,Rice paddies,666594,42001.61522745994
L2,2020,4,Woody crops,504596,32319.600905580537
L2,2020,5,Other crops,332315,20817.171911997793
L2,2020,6,In-house crops,1642,105.71585612046495
L2,2020,7,Grassland,148346,9058.69777740672
L2,2020,8,Barren land,74283,4699.067211487456
L2,2020,9,Scrubland,179957,11561.166546629058
L2,2020,10,Deciduous broadleaf forest,199942,12819.400304791578
L2,2020,11,Evergreen broadleaf forest,1955481,121393.15278690643
L2,2020,12,Evergreen needleleaf forest,18620,1196.4842094800276
L2,2020,14,Plantation,791186,49359.162350002574
L2,2020,15,Mangrove forest,19107,1222.2133940841748
L2,2020,16,Inland wetland,3739,241.84641895877823
L2,2020,18,Open water,99526,6276.674058406743
L2,2020,19,Aquaculture,147186,9494.413722250009
L2,2020,20,Bamboo,21866,1356.2809208329202
