period,group,start,end,persist,gross_loss,gross_gain,net,swap
1990-2000,Natural forest,139053.7,136296.1,114132.3,24921.4,22163.7,-2757.7,44327.5
1990-2000,Plantation,66629.8,65521.5,39732.9,26896.9,25788.6,-1108.3,51577.2
1990-2000,Mangrove,2885.6,2080.7,1497.4,1388.2,583.4,-804.8,1166.8
1990-2000,Woody crops,26585.1,26794.4,15036.2,11548.8,11758.1,209.3,23097.6
1990-2000,Other agriculture,69292.1,69469.8,54410.3,14881.8,15059.4,177.7,29763.5
1990-2000,Built-up,496.9,1113.4,463.4,33.4,650.0,616.5,66.9
1990-2000,Other land,25019.2,28686.5,15234.6,9784.7,13451.9,3667.3,19569.3
2000-2010,Natural forest,136296.1,127620.8,108523.2,27772.9,19097.6,-8675.3,38195.2
2000-2010,Plantation,65521.5,71949.1,42268.7,23252.8,29680.4,6427.6,46505.5
2000-2010,Mangrove,2080.7,1387.5,1119.4,961.3,268.1,-693.2,536.2
2000-2010,Woody crops,26794.4,24338.7,15074.3,11720.1,9264.4,-2455.7,18528.8
2000-2010,Other agriculture,69469.8,65967.2,52921.1,16548.7,13046.2,-3502.5,26092.4
2000-2010,Built-up,1113.4,3009.7,1093.1,20.3,1916.6,1896.3,40.6
2000-2010,Other land,28686.5,35689.4,18844.4,9842.1,16845.0,7002.9,19684.2
2010-2020,Natural forest,127621.2,136765.3,110515.6,17105.6,26249.8,9144.1,34211.2
2010-2020,Plantation,71949.1,49359.2,34265.2,37683.9,15093.9,-22589.9,30187.9
2010-2020,Mangrove,1387.5,1222.2,1010.0,377.5,212.2,-165.3,424.5
2010-2020,Woody crops,24338.7,32319.6,16976.2,7362.4,15343.4,7980.9,14724.9
2010-2020,Other agriculture,65967.2,62924.5,51623.8,14343.4,11300.7,-3042.7,22601.4
2010-2020,Built-up,3009.7,6040.0,2899.5,110.2,3140.5,3030.4,220.3
2010-2020,Other land,35689.4,41331.9,25235.4,10454.0,16096.5,5642.5,20908.0
1990-2020,Natural forest,139054.1,136765.3,107859.2,31194.9,28906.1,-2288.8,57812.2
1990-2020,Plantation,66629.8,49359.2,26790.6,39839.2,22568.5,-17270.6,45137.1
1990-2020,Mangrove,2885.6,1222.2,941.0,1944.5,281.2,-1663.3,562.4
1990-2020,Woody crops,26585.1,32319.6,14480.4,12104.6,17839.2,5734.5,24209.3
1990-2020,Other agriculture,69292.1,62924.5,46390.5,22901.6,16534.0,-6367.6,33067.9
1990-2020,Built-up,496.9,6040.0,494.8,2.0,5545.2,5543.2,4.1
1990-2020,Other land,25019.2,41331.9,14281.7,10737.5,27050.1,16312.6,21475.0
