code,class,30m_1990,250m_1990,diff_1990_pct,30m_2020,250m_2020,diff_2020_pct,net_30m,net_250m,r_annual
1,Residence,919.775,523.762,-43.055,8502.035,6738.719,-20.740,7582.259,6214.956,1.000
3,Rice paddies,42021.516,41078.004,-2.245,39241.350,39437.755,0.501,-2780.167,-1640.249,0.979
4,Cropland,56079.175,53627.220,-4.372,56922.429,53985.470,-5.160,843.254,358.250,0.998
7,Grassland,7986.290,4177.479,-47.692,11573.301,6999.208,-39.523,3587.011,2821.729,0.879
8,Barren land,4980.343,3463.333,-30.460,6090.060,4441.902,-27.063,1109.717,978.569,0.998
9,Scrubland,8022.697,7305.090,-8.945,11394.618,9507.837,-16.559,3371.921,2202.747,0.923
10,Forest,198115.318,209322.294,5.657,178605.968,192163.643,7.591,-19509.350,-17158.651,0.998
15,Wetland,3256.249,3102.631,-4.718,2301.285,1452.991,-36.862,-954.964,-1649.640,0.997
18,Open water,6839.617,5875.301,-14.099,6071.017,6000.199,-1.166,-768.600,124.898,0.217
19,Aquaculture,1742.656,1487.594,-14.636,9261.574,9234.984,-0.287,7518.919,7747.389,0.993
0,Total,329963.636,329962.708,-0.000,329963.636,329962.708,-0.000,0.000,0.000,
