province,pcode,natural_1990,plantation_1990,forest_1990,natural_2020,plantation_2020,forest_2020,natural_loss,natural_gain,natural_net,plantation_net,forest_net
An Giang,VN91,258.7,858.6,1153.3,289.9,414.8,728.4,43.5,74.7,31.2,-443.8,-424.9
Bac Ninh,VN24,922.6,630.3,1552.9,864.3,981.7,1846.0,311.5,253.2,-58.3,351.4,293.1
Ca Mau,VN96,0.3,387.2,1280.2,0.8,125.6,495.4,0.3,0.8,0.5,-261.5,-784.8
Can Tho city,VN92,0.0,47.7,139.2,0.1,20.7,66.7,0.0,0.1,0.1,-27.1,-72.5
Cao Bang,VN04,5347.2,358.0,5705.2,5211.6,580.6,5792.2,592.8,457.2,-135.7,222.7,87.0
Da Nang city,VN48,6072.3,3071.9,9144.3,7113.7,2368.9,9482.6,317.5,1358.8,1041.4,-703.0,338.3
Dak Lak,VN66,10306.6,3307.9,13614.4,7971.9,1460.8,9432.7,3472.8,1138.1,-2334.7,-1847.1,-4181.7
Dien Bien,VN11,6515.7,1400.6,7916.3,6167.9,563.6,6731.5,1617.9,1270.1,-347.8,-837.0,-1184.8
Dong Nai,VN75,3582.6,4014.0,7651.0,3030.7,4496.3,7584.3,1936.5,1384.7,-551.8,482.3,-66.7
Dong Thap,VN82,0.1,243.3,296.5,0.0,56.8,63.2,0.1,0.0,-0.1,-186.5,-233.3
Gia Lai,VN52,9642.4,4599.1,14241.4,9352.7,2064.7,11417.3,2730.2,2440.5,-289.7,-2534.4,-2824.1
Ha Noi,VN01,94.9,187.3,282.2,114.1,304.5,418.6,43.4,62.6,19.2,117.2,136.4
Ha Tinh,VN42,2265.6,1401.8,3675.5,2360.8,1274.6,3637.8,192.2,287.3,95.1,-127.2,-37.7
Hai Phong city,VN31,94.9,114.3,257.2,173.5,111.2,327.4,4.7,83.3,78.6,-3.1,70.2
Hue,VN46,2571.0,803.4,3374.4,2555.0,962.7,3517.6,261.5,245.5,-16.1,159.3,143.2
Hung Yen,VN33,0.7,16.1,54.3,3.1,12.3,38.9,0.7,3.1,2.4,-3.8,-15.5
Khanh Hoa,VN56,3997.3,1381.3,5380.2,3847.0,533.6,4380.6,890.9,740.7,-150.3,-847.7,-999.6
Lai Chau,VN12,5726.2,2002.9,7729.1,6646.3,764.5,7410.8,636.8,1556.9,920.1,-1238.4,-318.3
Lam Dong,VN68,14193.5,4601.0,18796.1,11076.0,1764.0,12840.1,5225.5,2107.9,-3117.6,-2837.0,-5956.0
Lang Son,VN20,4905.0,1151.7,6056.7,6728.4,723.1,7451.4,262.5,2085.8,1823.4,-428.6,1394.7
Lao Cai,VN15,6916.6,5106.7,12023.4,6968.1,4123.8,11092.0,1450.7,1502.2,51.5,-982.9,-931.4
Nghe An,VN40,7398.8,4665.4,12066.8,9137.5,3065.1,12203.8,673.7,2412.4,1738.7,-1600.3,137.1
Ninh Binh,VN37,286.7,133.0,463.1,264.7,139.2,425.9,67.8,45.7,-22.0,6.1,-37.2
Phu Tho,VN25,3440.4,2809.7,6250.1,2937.9,3375.4,6313.2,1146.5,644.0,-502.6,565.7,63.1
Quang Ngai,VN51,7214.7,4270.3,11485.1,7885.9,2554.7,10440.6,1203.9,1875.0,671.2,-1715.6,-1044.5
Quang Ninh,VN22,1676.9,2174.4,4180.6,2259.2,1838.5,4268.7,368.7,951.0,582.3,-335.9,88.1
Quang Tri,VN44,7042.7,2315.3,9358.0,7174.4,1833.5,9007.9,548.0,679.7,131.7,-481.8,-350.1
Son La,VN14,9289.1,3767.5,13056.6,7283.3,1562.2,8845.5,3201.6,1195.9,-2005.7,-2205.3,-4211.1
Tay Ninh,VN80,750.2,1480.9,2330.1,738.9,1429.0,2171.9,286.6,275.3,-11.3,-51.9,-158.1
Thai Nguyen,VN19,5052.8,2049.7,7102.5,5189.4,2250.2,7439.6,721.6,858.2,136.6,200.5,337.1
Thanh Hoa,VN38,5058.9,2307.4,7381.1,4712.2,2584.3,7299.6,958.1,611.3,-346.8,276.9,-81.5
Ho Chi Minh city,VN79,617.5,557.7,1737.9,590.2,1616.5,2603.8,438.7,411.4,-27.3,1058.8,865.9
Tuyen Quang,VN08,7811.0,4412.6,12223.6,8115.3,3397.5,11512.7,1587.5,1891.8,304.3,-1015.1,-710.8
Vinh Long,VN86,0.0,1.0,610.1,0.6,4.4,57.7,0.0,0.6,0.6,3.4,-552.4
