year,Natural forest,Plantation,Mangrove,Woody crops,Other agriculture,Built-up,Other land
1990,139.054,66.630,2.886,26.585,69.292,0.497,25.019
1991,149.813,58.040,2.909,26.868,68.467,1.058,22.807
1992,145.888,59.069,2.673,28.892,67.031,1.062,25.347
1993,141.582,67.042,2.695,26.818,66.609,1.295,23.922
1994,142.775,61.355,2.607,26.453,68.397,1.270,27.107
1995,142.899,60.833,2.913,27.910,71.455,0.695,23.258
1996,139.371,65.907,3.002,29.125,66.897,1.200,24.462
1997,138.808,64.729,2.983,27.922,66.405,1.350,27.765
1998,140.820,58.946,3.012,27.999,67.036,1.563,30.588
1999,139.884,62.514,2.536,27.345,68.290,1.810,27.584
2000,136.296,65.521,2.081,26.794,69.470,1.113,28.686
2001,131.296,67.563,1.889,27.584,65.833,2.000,33.797
2002,135.603,59.714,1.861,27.795,69.901,2.180,32.907
2003,132.397,62.619,1.897,28.382,68.381,2.320,33.966
2004,128.824,68.720,1.732,28.508,66.080,2.240,33.859
2005,122.876,72.091,1.871,24.516,70.102,1.773,36.735
2006,126.000,72.120,1.901,24.081,66.905,2.624,36.333
2007,126.704,70.838,1.867,25.249,67.690,2.721,34.893
2008,126.152,71.356,1.670,25.111,68.494,2.598,34.583
2009,128.769,72.225,1.498,23.506,68.379,2.709,32.877
2010,127.621,71.949,1.388,24.339,65.967,3.010,35.689
2011,132.307,62.614,1.403,23.876,71.290,3.146,35.327
2012,137.286,57.312,1.346,24.351,72.825,2.996,33.847
2013,131.469,63.433,1.438,24.700,73.277,3.360,32.285
2014,131.747,64.398,1.398,25.981,67.767,3.516,35.155
2015,126.805,71.768,1.373,26.552,67.606,3.688,32.170
2016,129.910,65.637,1.303,27.214,66.395,3.680,35.823
2017,131.946,58.040,1.274,28.276,64.164,4.036,42.228
2018,144.101,43.844,1.309,34.732,65.517,4.601,35.858
2019,140.047,46.264,1.219,34.136,63.139,4.899,40.259
2020,136.765,49.359,1.222,32.320,62.925,6.040,41.332
