,Natural forest,Plantation,Mangrove,Woody crops,Other agriculture,Built-up,Other land,Forest
1990,139.054,66.630,2.886,26.585,69.292,0.497,25.019,208.569
1991,149.812,58.040,2.909,26.868,68.467,1.058,22.807,210.761
1992,145.888,59.069,2.673,28.892,67.031,1.062,25.347,207.630
1993,141.582,67.042,2.695,26.818,66.609,1.295,23.922,211.319
1994,142.774,61.354,2.607,26.453,68.397,1.270,27.107,206.736
1995,142.899,60.833,2.913,27.910,71.455,0.695,23.258,206.646
1996,139.370,65.906,3.002,29.125,66.897,1.200,24.462,208.279
1997,138.808,64.729,2.983,27.922,66.405,1.350,27.765,206.520
1998,140.819,58.946,3.012,27.999,67.036,1.563,30.588,202.777
1999,139.883,62.514,2.536,27.345,68.290,1.810,27.584,204.933
2000,136.296,65.521,2.081,26.794,69.470,1.113,28.686,203.898
2001,131.296,67.563,1.889,27.584,65.833,2.000,33.797,200.748
2002,135.603,59.714,1.861,27.795,69.901,2.180,32.907,197.178
2003,132.397,62.619,1.897,28.382,68.381,2.320,33.966,196.913
2004,128.824,68.720,1.732,28.508,66.080,2.240,33.859,199.275
2005,122.875,72.091,1.871,24.516,70.102,1.773,36.735,196.837
2006,126.000,72.120,1.901,24.081,66.905,2.624,36.333,200.020
2007,126.703,70.838,1.867,25.249,67.690,2.721,34.893,199.409
2008,126.151,71.356,1.670,25.111,68.494,2.598,34.583,199.177
2009,128.768,72.225,1.498,23.506,68.379,2.709,32.877,202.491
2010,127.621,71.949,1.388,24.339,65.967,3.010,35.689,200.957
2011,132.306,62.614,1.403,23.876,71.290,3.146,35.327,196.324
2012,137.286,57.312,1.346,24.351,72.825,2.996,33.847,195.944
2013,131.469,63.433,1.438,24.700,73.277,3.360,32.285,196.340
2014,131.747,64.398,1.398,25.981,67.767,3.516,35.155,197.543
2015,126.804,71.768,1.373,26.552,67.606,3.688,32.170,199.946
2016,129.909,65.637,1.303,27.214,66.395,3.680,35.823,196.850
2017,131.946,58.040,1.274,28.276,64.164,4.036,42.228,191.259
2018,144.101,43.844,1.309,34.732,65.517,4.601,35.858,189.254
2019,140.047,46.264,1.219,34.136,63.139,4.899,40.259,187.530
2020,136.765,49.359,1.222,32.320,62.925,6.040,41.332,187.346
ConvLSTM 2030,122.068,55.999,1.720,32.204,59.854,12.963,45.155,179.787
ViT 2030,117.248,59.720,1.148,31.186,55.683,16.680,48.298,178.116
